{"total_samples":110,"avg_loss":0.7812500149011612,"loss":0.5105168223381042,"num_tokens":23296,"final_elapsed_time":62.63952875137329,"samples_per_second":1.7561152956288646,"batch":8,"top2_accuracy":0.20342548076923078,"_runtime":57,"final_avg_loss":0.7812500149011612,"accuracy":0.7983774038461539,"top1_accuracy":0.7965745192307693,"final_total_samples":110,"_timestamp":1.775831489305396e+09,"_step":8,"_wandb":{"runtime":57},"elapsed_time":62.638256311416626}