{"elapsed_time":38701.31905794144,"_timestamp":1.775870245586698e+09,"_wandb":{"runtime":38697},"num_tokens":13962,"batch":4758,"samples_per_second":1.8438648019506474,"final_avg_loss":0.3183640167962708,"loss":0.27212291955947876,"avg_loss":0.3183640167962708,"_step":4758,"accuracy":0.885116745451941,"top2_accuracy":0.11423864775820083,"total_samples":71360,"_runtime":38697,"top1_accuracy":0.8857613522417992,"final_elapsed_time":38701.32015514374,"final_total_samples":71360}